ad_id,ad_name,long_version_video_id,short_version_video_id
0,chats-conditionate,1462,137
1,isomerizing-louma,860,666
2,tipcat-preorder,1597,7
3,incipient-mumpishly,668,579
4,xylorimbas-drosophilas,1432,1541
5,disloyalties-modulates,1397,1421
6,scoreboards-preselections,1271,962
7,tiptop-stummel,554,1543
8,also-subovate,987,923
9,stimy-cathodically,1145,1770
10,basher-jarping,971,1249
11,nonresident-scrofulously,1891,285
12,reembark-avoidance,976,1160
13,electrophysiologically-toothless,1097,127
14,salmagundi-excommunications,440,470
15,elasticness-bandager,1423,1853
16,carboxylases-faint,386,1976
17,redshirted-deflexional,613,28
18,tarpon-hamartiology,490,220
19,praetorships-buggering,546,1143
20,lurch-galivant,370,1935
21,deflowering-insincerities,1542,1340
22,bibliothecae-blackjack,1363,1982
23,prioritises-macromolecular,62,1467
24,moleskin-depuratives,1178,1851
25,liquidating-set,159,1826
26,orchestraters-septentrional,1317,1557
27,retimed-stelleridan,834,1473
28,accended-marooned,1102,1025
29,alexine-dapperer,1559,1711
30,nationalisms-anecdotist,1142,1594
31,bichrome-confiseurs,1523,1398
32,italicisation-drinkablenesses,993,600
33,diplozoic-pellack,1560,193
34,disinvest-branders,639,1195
35,flashlamps-oligarchically,711,1094
36,eyeshadows-disentrail,1149,1829
37,multitudes-bedticks,771,1805
38,counterarguments-bagpiping,61,384
39,inundated-gutsers,902,842
40,manoscopy-naifer,83,1454
41,cantharidic-misfires,1802,857
42,supplicatory-dicrotism,27,553
43,iconolater-numerate,847,413
44,librations-nichering,1726,1977
45,fumarolic-manyfold,509,1459
46,merceries-pyranoside,25,1035
47,convexity-pinchbugs,1362,515
48,mollycoddles-gullying,1287,1211
49,faineances-panpsychists,219,652
50,howling-oeuvre,549,1426
51,weightlessness-underestimations,1894,701
52,microbiological-singing,618,392
53,medics-funner,70,1203
54,finaliser-monohydric,368,1579
55,anopsia-sentimentalism,888,1003
56,voltaic-interpolates,599,1214
57,beadiest-chorusmasters,1703,1168
58,hules-belleters,1722,1073
59,suppressed-gillnets,149,12
60,tsardom-iodoforms,1042,763
61,guslar-lithiums,1863,1788
62,puns-vicarship,366,1047
63,tranquilize-supranationalisms,1948,1604
64,roughened-simonise,76,416
65,brashing-randomizations,1491,1096
66,skyman-crossroad,1001,742
67,barters-unsteadies,5,927
68,abandonment-distinctness,448,67
69,hefted-soliloquists,1010,1516
70,vexillologies-echinuses,944,1585
71,terpineols-stereotyper,1782,1199
72,uncategorisable-lilts,727,1055
73,balletomania-falderaling,1613,708
74,caudillos-desertified,1921,1643
75,baken-welch,117,350
76,coemploy-hysteranthous,938,331
77,ascertain-pleas,46,1674
78,centennially-rockfalls,437,231
79,mumbliest-phial,4,687
80,cinquecentos-feignednesses,733,1813
81,compradore-blit,1455,1888
82,toluols-reaedifyed,1596,41
83,joggling-destructo,1289,9
84,nonvegetarian-submittings,1635,1759
85,embassages-precognoscing,420,697
86,subperiods-rebegin,1038,624
87,felching-shortarses,100,1404
88,avens-electroencephalographic,1227,868
89,dungier-epiphysis,1687,314
90,gynaecia-stickhandle,825,382
91,agaric-articulatenesses,935,1549
92,mitched-micromanipulations,871,487
93,tableaus-repatriated,1370,286
94,mucins-culicine,1228,1609
95,prunted-outstation,508,1316
96,preplanning-prostituted,358,489
97,conjurer-outrocking,82,1225
98,inclosures-whillywhaws,1544,1878
99,crankcase-nonequilibria,134,1091
100,pneumonias-dispassionately,294,1233
101,unelectrified-gallicise,1979,1114
102,gaggeries-chromotype,1638,794
103,avifaunas-perchlorate,612,340
104,inflictor-hydrosoma,1811,720
105,portrayed-aldermanlike,1051,1311
106,carboyed-microcyte,282,637
107,upstep-rand,89,1629
108,maltsters-stethoscopists,1044,1419
109,guangos-infusions,1153,1922
110,lingers-quickbeam,399,190
111,woon-issues,588,1734
112,effectualness-scathing,572,1929
113,oanshagh-hindquarters,1395,273
114,podiums-lea,1125,1083
115,bouses-devitalizing,1449,1352
116,cuneal-backspaces,1974,760
117,gangsterdom-noncrisis,879,344
118,neafes-overadvertizing,1589,30
119,seamanships-kalpas,1447,1763
120,enantiopathies-rechanging,1924,845
121,minbar-heediness,209,1753
122,retextured-unmerited,296,1422
123,brawnily-chlorella,1610,1440
124,retrospecting-optics,357,1954
125,blacktops-nummuline,1658,1085
126,underuse-microsleeps,552,169
127,pervier-nasalise,988,206
128,unctuously-refractometer,1655,995
129,cliparts-synoicous,460,1963
130,genealogize-maquiladoras,524,603
131,alchemical-supported,1004,54
132,hemitropous-semiofficially,1130,463
133,terracettes-mimer,1742,1647
134,autorotating-frijole,1290,1965
135,chaffinches-quinquagesimal,679,1964
136,trevallys-gunneries,450,1196
137,bordereau-inquisitive,68,835
138,disaccording-storekeeping,1041,1
139,remixed-glorifies,542,1966
140,halogenation-dandyfunks,1478,1182
141,braggartly-holstering,380,611
142,emption-snouty,1741,1413
143,duskened-aldohexose,1420,1565
144,torridness-schemozzled,1837,787
145,aidless-patronized,643,1797
146,lollapalooza-unexploded,1075,1155
147,saliences-experiencer,736,1590
148,aghas-trunksleeve,1470,626
149,pummelled-acidifies,1254,1879
150,cardiologists-tonkers,1180,1848
151,kazillions-geomedicines,480,1237
152,nickeliferous-pyrolas,80,817
153,syncopation-methenamine,913,123
154,arithmophobias-battalions,13,693
155,blockishly-undermines,1900,131
156,fleecy-epacts,1115,1943
157,okay-windsail,865,1126
158,pepperer-rustication,309,101
159,shipless-refinished,1221,1171
160,semilethal-vidimuses,302,1620
161,extensionists-throaty,1833,496
162,conspirers-physiques,1382,1865
163,sinewless-eughen,759,1193
164,arachnophobes-whangam,915,229
165,workfare-gunboat,504,1871
166,eastlin-carbonadoing,1914,179
167,strewments-calceolarias,1812,1226
168,laterising-aquaphobics,1510,960
169,hypophysectomies-carhopping,1708,1809
170,onloads-ballyard,598,488
171,operosenesses-kiwifruit,712,1386
172,futhork-role,905,992
173,pressors-disanimate,1661,650
174,starboarding-nephrotoxicities,514,1431
175,roue-mallanders,1326,788
176,geo-intergranular,1757,1998
177,excel-postilions,818,1718
178,immobilism-sugarcoat,909,577
179,clabbers-tostada,118,238
180,cagyness-ferine,925,1216
181,reprographic-centralization,310,1558
182,blastomeric-nincompoopery,479,1252
183,undepreciated-dankly,1887,1957
184,expressiveness-gulfweeds,800,1450
185,tautologisms-pickin,1968,939
186,bandas-chinaman,1378,166
187,dimethylhydrazines-quicksilver,631,1738
188,nonathlete-overtreated,823,37
189,fallfish-stripiness,1484,1838
190,smalminess-shisos,277,324
191,relieved-utilitarianized,337,756
192,mathematician-beekeepers,1701,1345
193,babouche-footwears,1258,1727
194,guanazolos-suburbanized,320,1673
195,remanences-croquignole,492,853
196,triggering-lassitude,1074,1179
197,henges-thatness,1222,1260
198,bigfoots-epispore,1436,1662
199,forlana-demivolte,1131,300
200,cystitides-protoxids,1246,326
201,employing-batsman,1704,1627
202,sesquiplicate-canalizations,1434,964
203,midsts-ambulatorily,306,1418
204,bellocked-adorably,1999,1105
205,aviatrixes-unheededly,1719,304
206,ridglings-windsock,217,1310
207,treponemal-reseau,360,1537
208,postvasectomy-lubrical,97,1017
209,manatu-semillon,948,1058
210,checkroom-graffiting,129,486
211,weisenheimer-paronymic,452,658
212,greenbackism-wheelbarrowing,1572,1532
213,moldier-subtilizations,1885,1257
214,refutal-heterocyclics,1451,990
215,nonreproductive-ravines,1680,323
216,applies-aerobic,1212,1644
217,semitone-nonmobile,1820,614
218,ecstasising-zootechnical,1724,869
219,tabu-lunchrooms,43,556
220,county-postpuberty,421,1328
221,knelled-hamada,288,744
222,pyloruses-retested,1274,595
223,spumone-mistrusting,90,656
224,accorders-rockery,1323,64
225,demodulator-justers,48,301
226,brawer-utterableness,1005,152
227,effortlessnesses-deaminizing,830,791
228,qins-outquotes,1697,1200
229,miniaturizes-beacon,240,1279
230,lumme-nonconducting,1390,1248
231,patrialize-seedless,1062,1531
232,medick-resocialised,940,1053
233,hypocist-chouse,507,1933
234,singers-loerie,255,1864
235,constructure-metaplastic,1437,472
236,subtilizer-brughs,1614,694
237,bilbo-cachinnates,155,667
238,reuttering-shadowcastings,929,142
239,latte-passados,1360,802
240,dimethyltryptamines-monotone,584,505
241,ohm-snogs,607,1015
242,branded-surefootedly,883,65
243,subspecialists-carnalizing,1513,224
244,unilinear-villagers,1127,36
245,resaws-seraphins,1842,17
246,indew-sultana,606,430
247,boshboks-decarburize,376,473
248,saltness-savates,1441,1517
249,homologation-boyfriend,1446,1875
250,hardly-pingler,1297,1481
251,familiarisers-incurved,1804,1268
252,unequalled-colleger,1461,1893
253,dimerise-bawls,1293,63
254,cariousnesses-superqualities,114,876
255,overcloying-beadiest,1947,1607
256,verifying-galabieh,1682,170
257,associabilities-impenetrated,1435,661
258,fixities-madtom,545,1944
259,basidiospores-flutinas,162,1601
260,emfs-swoffer,506,587
261,beccaficos-politenesses,1011,1412
262,inburning-microbarographs,969,1021
263,obtends-bejeweling,1512,1188
264,doobries-spriteliest,1902,1869
265,catamenia-forebodingness,1134,1598
266,scaremonger-epizoite,369,317
267,neuroplasm-scalloping,1561,991
268,abdicated-midbrain,1946,1536
269,propylaeum-consulters,69,1987
270,bard-kottaboses,1321,1242
271,unwomans-streptothricin,471,541
272,langouste-scourged,1492,194
273,jambee-tee,462,319
274,roughcast-untrueness,1389,1335
275,musicotherapies-decretive,1874,15
276,dilutees-spicate,1466,1990
277,mooly-hitchhikers,1175,1291
278,whitewashed-oversteer,866,676
279,illegible-viameter,997,1971
280,secularizers-ophiomorph,443,755
281,amooving-colotomy,264,196
282,cerium-multicentric,779,1026
283,slipnooses-hissers,795,849
284,chymes-polytonality,1137,924
285,maunds-counterdemonstrates,1746,1940
286,amphioxuses-stipuled,1556,257
287,gastrotrich-plumpiest,188,892
288,interplead-mythomaniac,1396,1286
289,perscrutations-kenosises,39,1552
290,deglaciated-multihued,814,477
291,outdoers-imposthumated,92,356
292,moistened-resolutes,1617,465
293,incommutability-chromed,748,269
294,cytoskeletons-includes,1591,1550
295,quillaja-receptivity,113,291
296,gliffings-superb,822,1815
297,birdhouses-precisians,98,558
298,socializes-organologies,1706,1739
299,vagrancies-badinaged,975,1503
300,marriers-stalks,897,81
301,ecoterrorism-doggedness,274,353
302,clypeiform-unclassifiable,828,1931
303,pheon-frequences,1306,575
304,scorper-rared,272,1448
305,vulcanologists-forthcome,316,390
306,importable-landgrab,1059,772
307,aubergine-tusking,671,147
308,turaco-mentorings,1016,1934
309,befriender-predigestion,1101,702
310,extensionalism-greenmailer,1341,513
311,achlorhydria-charlotte,844,801
312,hikoiing-parasitologist,103,1568
313,stigmatiser-preplaces,934,1959
314,pillorise-deciphering,424,160
315,glutenins-predominant,798,221
316,whiplashes-intermediators,1314,1132
317,scorers-trousseau,1087,1831
318,urson-repulser,1494,580
319,pertinency-strontia,1230,1427
320,stance-unsparred,1777,1497
321,underkeeper-condors,754,843
322,halfwitted-steganographs,1717,1951
323,sironizing-begnaw,904,1347
324,escortage-postliminious,1063,96
325,dissemination-upwardness,662,1476
326,manjack-intenerates,1952,738
327,routed-momzers,1749,1376
328,minutely-nostoc,930,1664
329,veneer-rekeyboarding,153,1148
330,hoodia-sociopaths,1904,455
331,coxal-trammel,1457,1084
332,skeining-spellings,1033,365
333,boobyish-entombed,10,1696
334,outmantles-invertor,520,1095
335,beastly-clitella,412,95
336,pelorias-madrepore,850,1806
337,tirednesses-adjoin,715,50
338,squalors-audiograph,192,941
339,operagoers-banderilleros,1128,249
340,corybant-kipp,769,705
341,oiks-expectedness,648,107
342,overbearing-cadie,525,922
343,footered-vespertinal,125,799
344,otiosities-benzols,1177,1823
345,lumpinesses-pursing,242,1486
346,subatoms-tweezed,1300,1970
347,caravaneer-trevisses,961,18
348,uranite-apolipoprotein,811,1425
349,boozing-mispenned,1407,1191
350,linocuts-phlebosclerosis,1369,84
351,brik-skeptically,548,1401
352,glueball-tache,783,329
353,missionisations-hypercharging,1744,980
354,exploited-conkers,722,1283
355,influential-screensaver,402,1198
356,asquat-waybreads,1045,719
357,antefixes-creation,361,442
358,bankrollers-orientalized,1077,1123
359,sensationalism-outblessing,1733,1374
360,bodkins-belace,87,47
361,manchineel-yellings,1631,1139
362,unperches-lameds,1769,1732
363,misstruck-torturously,511,251
364,spinous-objectifying,563,700
365,outbegs-hardbeams,534,706
366,snifting-synchronical,1480,628
367,rheumic-tiresomenesses,3,977
368,mattoids-coryluses,1241,586
369,leaflessnesses-exacts,42,493
370,chemoautotroph-benignantly,655,1909
371,postorbital-magnanimity,770,1146
372,entrailing-covalently,354,1079
373,experience-goulashes,859,55
374,clartier-halutzim,1895,721
375,subbranches-spatially,691,1980
376,desexualizations-porchettas,406,774
377,sangar-disintricates,1247,121
378,centrefolds-churr,718,1331
379,hapuku-directedness,1868,689
380,grievingly-homilists,405,418
381,numbers-routers,164,1825
382,tressours-pickin,40,1645
383,lepidopterists-dipshits,585,1872
384,occasioners-gaspereaus,1551,898
385,zhomo-hawkishly,1483,45
386,ignitibilities-agatized,499,1988
387,dystocia-decelerators,526,1124
388,sectarian-unnilquadiums,596,303
389,parrs-silviculturally,533,602
390,blotchiest-fatalist,1430,806
391,braza-orramen,1445,1520
392,calathi-pend,11,972
393,sinologist-weathercaster,24,954
394,brigalows-banditry,1685,1477
395,vermiculated-glitterier,785,1269
396,maggs-docksides,1690,263
397,incumberingly-teapoys,284,34
398,communitaires-enchasers,1298,535
399,apyrexia-corrigibilities,1086,1873
400,outpupils-windsuckers,1830,1634
401,dueled-antibioses,1821,112
402,windborne-disgowned,1981,431
403,lonelier-disagreeables,1068,510
404,salacious-outreigning,106,1663
405,villose-puftaloons,684,685
406,gyrations-welshed,1100,1377
407,interdependently-dollarfishes,1170,1368
408,aphelandras-diazomethanes,1197,1721
409,vulgarisers-reflags,601,1138
410,vesiculating-interconnexion,135,115
411,unthreading-restuffed,391,1563
412,sparteries-merchantable,750,826
413,disgorge-subsampled,1525,683
414,gamboling-careers,840,1140
415,nonaddictive-mutinously,167,907
416,plussing-isomere,394,1515
417,sloughy-acquisitive,654,175
418,deadlocking-misdividing,745,1969
419,overheat-hetaerismic,57,724
420,gorilla-vicugnas,1755,1082
421,bedights-amebiasis,441,709
422,signeurie-cotemporary,364,290
423,hydroponically-marbling,1731,173
424,binnacle-savablenesses,629,636
425,loggish-beelining,752,1956
426,mimmest-baldmoneys,330,623
427,deportees-deliberates,1255,1098
428,hinges-caffeinic,1415,1710
429,momzer-eloigns,1995,1136
430,bluishness-subsequences,254,965
431,shoder-muddleheadedly,1917,1469
432,citrinin-niobites,111,404
433,regulus-idealiser,262,1920
434,bioptic-sweetness,1509,1264
435,solely-hemocyte,591,248
436,ailurophobes-fashionably,559,168
437,barging-recreancies,1303,1217
438,owning-bilobated,1325,1054
439,sparoid-refinish,1322,1778
440,dalliances-orgastic,1800,1411
441,tidiest-snowshoeing,877,295
442,overlooked-gynaeceums,1387,621
443,supraliminally-wafered,1507,1936
444,vasectomised-transmove,1129,635
445,animateness-plasmolyse,1240,967
446,subclassify-sulphas,1408,775
447,croutes-salutiferous,942,475
448,colleted-jurists,1915,1792
449,sprayier-nondenominationalism,1758,1471
450,souvlakias-licencers,1337,918
451,archiepiscopate-bluegown,1834,633
452,tumultuousness-vodcasters,503,432
453,definability-insofar,609,551
454,accessarily-danton,1416,543
455,metronomes-propositions,171,789
456,firerooms-perciform,395,1463
457,chachkas-xiphophyllous,1555,1433
458,tormentils-corves,824,445
459,enfoldment-bobolink,298,198
460,spadilles-thyrsus,741,1490
461,morsels-borderline,99,1133
462,carpogonia-pretreating,181,438
463,fernier-odiousnesses,177,1156
464,bundies-ropily,85,1488
465,operettists-precentorship,1342,1898
466,endoparasites-turgidness,1162,1032
467,reviewable-globing,1571,1916
468,trouvaille-sulfurises,765,1566
469,retreating-anabolisms,1151,226
470,squirmy-capsulizing,207,1808
471,ineffectualnesses-abyssopelagic,1224,1845
472,plottier-tortoises,126,1067
473,regularly-unroots,899,1186
474,filming-bradoons,1780,1586
475,proportionments-mouchards,539,620
476,shells-romanizing,647,1880
477,kindliness-screensaver,1832,145
478,sapours-rassling,186,423
479,incalescences-homaloids,241,1849
480,herewith-areached,851,856
481,astarboard-randems,527,77
482,lammergeyers-kickout,1116,182
483,panzerotto-frangipanni,1564,1630
484,farfetchedness-overcapitalize,385,1824
485,laparoscopic-matamatas,885,695
486,lightninged-cholestyramine,634,1633
487,unhaunted-resought,1210,287
488,flittering-containerise,1496,1653
489,getting-executing,457,397
490,signoras-pestful,335,1595
491,uprightly-boiled,1472,183
492,sissynesses-rocker,657,1013
493,theosophisms-hydroxyls,518,536
494,resonator-aerofoils,1896,1882
495,abuna-billon,116,638
496,gazers-bittersweetly,1106,1656
497,blanch-yolky,1926,1993
498,kinetheodolite-kidder,1343,880
499,flambeaux-burnishments,469,863
500,baron-anagrammatizing,641,308
501,heil-gropers,1530,233
502,deterge-unbloody,1040,1261
503,abaya-greaseband,911,1548
504,snaggiest-merchant,120,1984
505,dirigiste-protist,1776,1524
506,glaucomatous-vaginitis,615,1672
507,buckayro-halloes,1399,731
508,overelaborations-anciently,119,451
509,mainframes-renewed,531,476
510,exultations-ischiatic,690,1649
511,obeahing-sempervivums,1930,1602
512,prolongable-triplying,776,464
513,madaming-doff,1950,919
514,sporocarp-biofuels,1994,59
515,interlaminating-tidemill,1113,1919
516,counterflow-epizoa,895,725
517,ren-deadwoods,1231,780
518,malingerers-calyptrate,154,1748
519,breachers-roentgenograms,1843,1912
520,intensatives-flammabilities,456,195
521,overextravagant-guanazolos,917,581
522,hopeful-supranationalism,532,1208
523,tridacnas-heliotropism,32,144
524,upsee-fiddlesticks,1932,906
525,unwhistleable-breakbeats,1308,1493
526,raita-fatiguing,663,517
527,preheats-haole,267,1159
528,straked-extendant,544,74
529,friskers-galvanotropic,1608,396
530,emball-encyclic,259,597
531,sorely-phytonadiones,1219,222
532,cauterized-appropriation,1487,912
533,refrainment-wisdoms,1099,338
534,contrarinesses-swimmings,1857,886
535,dull-rigling,1181,1502
536,streakinesses-overmelt,979,483
537,cognoscenti-waterworn,428,130
538,incognitas-asepticise,747,1174
539,astringencies-shoots,377,739
540,prohibitiveness-peptids,343,1150
541,hutted-feued,903,1899
542,preboarding-cassenes,1723,1798
543,corrugated-bemusedly,767,1349
544,nutation-centripetalisms,1828,1024
545,fetologies-drowses,651,1417
546,praiseworthy-enteropneustal,1318,75
547,gnarling-subcollege,1281,446
548,rutherfords-tallats,1545,1646
549,offline-intercorrelated,570,1081
550,alineations-lordlinesses,1280,1439
551,gangplows-armouries,999,71
552,extremities-imitated,665,1158
553,steamroller-mousepieces,1937,1064
554,valuers-otherguess,1161,458
555,cocks-sarrasins,674,1189
556,ultramontanism-destructibilities,1669,564
557,dicht-druxiest,140,422
558,chields-hoten,916,215
559,smackers-hubbly,252,426
560,doyenne-seaports,1553,379
561,mistouches-epidotisation,590,280
562,inconvertible-exsiccates,1713,1406
563,mackintoshes-cablet,878,1206
564,acquisitor-gab,920,1554
565,berleying-preferment,165,1292
566,horopter-pindown,146,400
567,thiophens-disgruntling,223,102
568,unappointed-endash,1580,371
569,oropharynxes-worthiness,1050,1312
570,siffles-touse,1639,1263
571,labiates-comsymp,891,281
572,rewear-gross,23,467
573,divinities-izars,389,737
574,tollgates-immedicably,1244,946
575,polysemous-malacia,1889,1373
576,naunts-regrowing,500,1657
577,discontinuities-reoiling,232,180
578,divineress-febrile,1666,459
579,shriveled-enervated,1953,675
580,vapulations-unpoisons,1034,191
581,imparting-urinometer,1606,762
582,duckshoves-colorers,148,491
583,unsophisticate-runout,1768,253
584,essentialised-roisterous,478,622
585,numchuck-nitpickers,1801,728
586,hijackings-bishopdom,482,617
587,conne-carillonist,1215,677
588,cohesions-dismayingly,49,1790
589,abaya-dedifferentiation,1333,1785
590,frontier-aquaplaners,212,378
591,nolition-foreslacking,1577,560
592,exabyte-senior,266,1603
593,inanes-bemedalling,831,1402
594,cavings-schlimazel,1534,1883
595,hulloed-petrifaction,649,1172
596,cosmologist-ornithology,0,568
597,icebergs-urolagnia,447,1048
598,bottine-areosystile,743,158
599,malik-pretreatment,1949,468
600,garnered-adaptability,1775,1367
601,counteradaptation-gamahuched,1729,419
602,tribalisms-sargoses,1562,1787
603,unred-pleuch,398,1539
604,sundris-oligomerizations,619,746
605,bylander-excluded,864,1852
606,unbedinned-trigonal,1670,1668
607,prayerfully-unpolarizable,53,1505
608,achromatization-saffian,881,1121
609,parmacitie-scintillator,1967,582
610,brers-resends,1202,1712
611,impropriates-allergists,1747,1356
612,antiquark-religionary,213,1636
613,knubbles-sampled,1519,704
614,dumfounders-debarkation,936,408
615,besmears-summarizer,1846,218
616,xylographed-epicycloidal,439,278
617,uncapes-imparling,497,829
618,farolito-fundamentalisms,896,1942
619,habitation-rudds,827,373
620,inconcinnity-deified,1540,1251
621,outlies-disobligatory,1918,417
622,monolatrist-bankrollers,270,734
623,contendents-unascended,124,1740
624,scarey-seaquakes,1236,1076
625,abundance-plottered,208,1361
626,mistaught-jols,555,109
627,individua-carbonyls,1284,1220
628,greening-betaxed,1184,474
629,screens-ippon,740,1622
630,plottages-vomicas,1104,1495
631,coches-flexitarian,16,1190
632,blinking-trankums,1332,1892
633,oppilation-soundness,1028,108
634,saturability-gelatinate,1861,1204
635,presummit-sibyllic,1578,1205
636,unbury-buckers,1715,289
637,clementine-microflora,383,1600
638,acronically-noninstitutionalized,1677,1474
639,passersby-hyperkineses,833,1482
640,gluttonously-fertilises,1066,974
641,heathenizing-disnest,627,1615
642,hectoringly-preconditioning,444,1453
643,savoyards-hognuts,299,1973
644,pitchiness-latexes,1354,415
645,doodoo-dudism,1781,1037
646,liftgates-merozoite,261,1353
647,rapidly-vacantnesses,1688,293
648,anabranches-ligure,258,327
649,deltiologist-motley,943,1709
650,epididymal-grissino,1611,986
651,conjugates-confederates,72,279
652,dunniewassals-scandalisers,1839,1538
653,apocopation-crania,714,1870
654,begorra-hobdayed,1173,1157
655,resorbence-orf,1533,698
656,augmenter-slaveholders,1043,1518
657,possessiveness-dogmatisms,660,1344
658,actins-runkled,1961,1862
659,phycocyanin-meritocratic,341,846
660,zoospore-masculy,454,1071
661,unlet-neurulas,673,203
662,synthesised-nontaxes,1774,334
663,spikers-motherworts,982,136
664,discrowned-topophilias,1508,1272
665,reinvestment-changa,1793,861
666,subnets-wartweed,1072,1725
667,sodain-delimiter,19,1707
668,egressing-destructs,1052,1006
669,switchier-catalyst,1092,256
670,harshed-watchboxes,951,678
671,hemophilias-knots,1619,947
672,dictatorialness-trillionaires,1375,1060
673,comprehended-uplook,1698,1014
674,gunfights-syphilisations,949,245
675,untruisms-hermeticity,1640,1380
676,horographers-typp,1756,1514
677,knelled-fluates,1789,1319
678,motorbiked-tyler,1229,388
679,saltuses-hessonites,275,1955
680,quenches-histaminergic,1304,1209
681,gorge-fetichises,968,1546
682,nonformal-matata,1256,1295
683,bejading-coppiced,1760,1296
684,autotoxaemias-catabolised,1905,686
685,schnozzle-foes,271,1405
686,tondos-hirple,1743,810
687,rhytinas-disseised,1835,792
688,voyeuristically-nosedove,202,872
689,effulgence-deckers,1301,1355
690,poitins-conservers,1626,758
691,nitchie-racketiest,26,333
692,sprain-waistlines,1693,1877
693,shittier-catechist,819,78
694,magnesia-knurrs,784,670
695,gerenuks-clonk,781,1185
696,nettlelike-uncivilnesses,1250,583
697,scissiparities-mesognathisms,1391,346
698,sensei-disfranchise,1526,1118
699,sabir-straitwaistcoat,1009,681
700,unequitable-seismometer,495,22
701,pokerish-happenstance,839,1654
702,redhanded-flustery,1365,926
703,subordinal-blissing,228,372
704,orielled-cosign,1810,732
705,toluate-cardialgic,838,890
706,rachiotomies-valvelet,1582,1584
707,deflagrates-respot,86,640
708,sanitising-rechanging,1771,1388
709,lymphoadenomata-lunula,867,625
710,zobu-qualmy,176,862
711,thyristor-unrefreshed,723,1144
712,divagates-skyscape,1927,1056
713,foliages-edifices,653,680
714,electrofishings-copylefts,1652,1903
715,emoter-bandoneons,1678,1716
716,biguanides-concertantes,605,200
717,locomotion-predefining,764,1039
718,ulna-hemopoieses,403,1650
719,parabiotic-rebalanced,1117,646
720,spring-transfixions,1350,1122
721,cyclodiene-grasshook,773,1057
722,epicontinental-weedlike,998,1294
723,amylic-leeze,1078,1699
724,saccules-advening,1750,1392
725,winchmen-overburn,374,882
726,constitutionalism-wourali,1667,243
727,cheateries-bacchanalians,1844,1714
728,anthropomorphization-superadministrator,1135,1489
729,imbroccata-statelessness,104,1575
730,vaudevillian-justificators,411,1913
731,clepsydras-high,1141,1364
732,familiariser-fils,1807,937
733,chrome-daylily,1616,908
734,reexplored-motif,1684,1424
735,budgeter-intravenous,1031,1262
736,vitalise-particularizing,1730,1791
737,avizandums-gratulatory,1109,1522
738,stonecuttings-transferal,1683,608
739,contrives-adjuror,494,1686
740,hyperparathyroidisms-panaritiums,73,1030
741,specify-greatest,889,1765
742,redbones-inapprehensible,93,672
743,effervesced-noddiest,1475,1573
744,panharmonicon-emulatively,870,1218
745,forcibility-cowtrees,1429,729
746,urning-coffs,894,1642
747,duplicative-jirkinet,1836,1309
748,monogonies-gapeworm,1671,914
749,sillier-beare,1154,561
750,tongues-dropping,1346,138
751,legendized-placeholders,1978,540
752,glibnesses-peccavi,1854,1938
753,snippily-foresee,1599,576
754,screeted-conflates,1187,1535
755,breastplough-leprosities,1069,521
756,heliostat-imprudent,751,692
757,payfone-misshapers,1754,1243
758,sironising-farand,1975,642
759,comorbid-rerevising,1504,143
760,multiday-ungot,1648,832
761,sayon-haymakings,1239,435
762,concubinages-ecumenists,216,1583
763,genogram-whitewoods,589,1372
764,silverpoint-encrust,1925,1511
765,dimidiate-disenchantments,953,1945
766,recompenses-ashamednesses,807,6
767,leishmanias-jacare,1393,1567
768,presummit-breaths,1983,1444
769,oil-coherers,1702,461
770,sonhood-sissyish,594,978
771,canoodlers-carryalls,1850,239
772,despondence-timeservings,569,1890
773,adventure-beside,550,928
774,vegetatious-noncolas,1163,1428
775,stealthily-underkills,1452,312
776,sulfureted-polymorphically,1752,56
777,processioner-straughter,1020,875
778,tagger-intergrowths,1772,1265
779,mesitylenes-loofah,105,8
780,eliches-chargehand,199,1986
781,equipotent-cassation,1972,1108
782,sodomised-dadoing,1923,1379
783,aerotactic-bypass,1299,538
784,micturating-concealed,1089,1192
785,stickmen-semillons,52,768
786,pakihis-shirtband,1695,184
787,unarched-knags,1277,1022
788,wry-euchologion,932,1569
789,facings-elapses,1164,1858
790,electroretinograph-jillion,1336,1213
791,whimpering-zombified,1822,1456
792,techno-tarras,246,1334
793,cottony-chaffiest,1773,820
794,busybody-cocobola,33,1183
795,nonmechanistic-quaesitum,1383,735
796,selenographer-improvidence,805,214
797,tawheowheos-presell,1992,813
798,sitosterols-monture,139,1414
799,moschate-friges,348,409
800,oilcamps-newsbreaks,1962,1259
801,amalgamative-oos,1002,696
802,twangy-multiuser,796,1266
803,photocopyings-fuchsite,1700,1070
804,hypersusceptibility-geochronology,852,562
805,hazarding-undersize,874,567
806,utopism-debs,984,1676
807,leaking-sphygmus,436,211
808,repressed-oviraptor,367,901
809,barophoresis-loungey,1745,1592
810,outranks-rhizopod,761,205
811,ghostwrote-workaholic,1651,1166
812,kip-bucktail,1498,1468
813,elbowrooms-ultion,1784,1779
814,loxodromically-voluntarists,1036,234
815,treater-redolence,1570,959
816,azotemic-bonbonniere,133,339
817,dromos-endgates,659,1939
818,analogue-anathematises,393,958
819,coldnesses-handgrip,1901,1381
820,heterokont-publicans,757,410
821,pintoes-yellowfin,1817,837
822,misdescription-flints,1027,501
823,stridulous-phyllosilicates,1908,933
824,quantongs-epacts,592,1628
825,enormous-varactor,1761,260
826,vellicative-chemisorb,449,956
827,outvenomed-tithonias,363,970
828,ejective-straked,204,434
829,acrylonitrile-bloodlust,332,522
830,outstations-tying,1867,887
831,chieferies-emblics,1270,1625
832,squiresses-bigheadedness,1665,664
833,effete-cutch,855,44
834,pellack-juvenals,1046,132
835,cervixes-alibied,1720,1796
836,depopulating-graips,1766,900
837,mycovirus-nattering,1866,1547
838,unappalled-laveers,60,1786
839,suboptimizations-unpunctualities,1275,1324
840,frush-beadman,1327,1223
841,interclavicular-sugging,713,1928
842,diurnalists-papyrus,88,574
843,shortchanged-contemplatist,151,414
844,babblements-heptahedra,1991,1018
845,vacances-trephine,836,502
846,arable-sinistrorse,313,227
847,swingisms-floppily,425,352
848,chinwag-defrags,528,1285
849,turcopole-galravaging,1019,1827
850,fuliginosities-denotate,2,236
851,coltishnesses-compearances,355,141
852,informations-transpirable,1623,1371
853,axoplasms-daman,1728,375
854,bough-contraried,276,1997
855,wester-torpescences,1485,485
856,accidental-laterized,873,1814
857,teds-afterwards,1351,1329
858,sculs-morelles,156,187
859,noncomputerized-hillocks,699,777
860,bewrayed-emanations,429,1464
861,aerodart-porcelainise,790,58
862,cabezon-epileptically,94,1088
863,parotides-lairising,1119,91
864,rentings-multicapitate,401,157
865,rail-incrementals,1906,163
866,fetchers-lovesome,1840,1794
867,eukaryon-claim,1278,1587
868,deejay-haemocyte,1348,848
869,relatives-quellers,1985,645
870,rheotaxis-subcodes,726,197
871,commonplaces-pseudocode,945,1007
872,pungles-brocatels,1194,1576
873,maraudings-microcelebrity,349,185
874,azym-abelia,1152,1110
875,antimonites-recalcitration,884,952
876,rebalancing-dognapping,1737,529
877,bilabiate-belittler,630,710
878,overperch-overwhelming,235,1403
879,enmeshments-rogued,230,1169
880,codomains-kinships,1506,1689
881,unworried-ensigns,1234,1528
882,protonations-acridities,1307,519
883,tretinoins-fisheries,51,110
884,clofibrates-divisional,35,973
885,dodgeries-parallelopipeda,484,1111
886,dibenzofurans-prioritizes,707,1803
887,lewisites-liripoop,803,1605
888,nanodots-multivolume,1065,858
889,butane-thatches,537,1366
890,wayless-belt,730,359
891,instituted-weathercloths,38,1313
892,underestimation-forfaiters,1855,1245
893,hedonistic-mams,1359,1090
894,reassembly-therefor,1996,983
895,dubitates-homologise,1358,1267
896,monoecy-pettifoggings,1910,311
897,psammophyte-unwithered,1276,1107
898,burnooses-malaxage,1637,322
899,sorrowfulnesses-henotheism,210,1479
900,tomographic-realtones,1000,1385
901,benzoyl-inclose,1288,1783
902,girsh-offerors,1876,815
903,stronghold-sylphides,174,381
904,outdrinks-apoptoses,717,247
905,stottering-reusability,1080,201
906,coprophagies-fantads,1736,1735
907,secretors-timelessness,804,1201
908,retrainable-deriver,466,1859
909,battening-georgics,1941,1093
910,imbower-brickclay,753,433
911,unwedgeable-guttating,1384,481
912,larcenously-amnions,985,1061
913,cevadilla-agon,427,566
914,tormentings-rhabdomyoma,1911,1593
915,pyrolising-pudendous,1165,268
916,stern-koji,616,21
917,earbashes-salaciousnesses,610,808
918,exemplify-thusness,578,547
919,photomosaics-pigsconce,797,931
920,genizoth-parabases,1860,347
921,heaths-platinised,1400,530
922,hubcaps-onshoring,1029,305
923,brimfull-protistan,122,307
924,codeine-reopposing,128,250
925,brigadier-iguanians,1008,1273
926,thumblings-oar,893,1799
927,silphium-outsoars,854,1816
928,mountebankisms-hushes,1897,1167
929,gynaecia-plumberies,1320,1751
930,secrete-reptiloid,523,1767
931,actualizes-sanest,1176,1841
932,overeducating-splotchy,1253,387
933,galoping-greenbug,292,1989
934,catarrhines-fairnytickle,593,265
935,thanks-frati,996,29
936,woodblocks-caprices,749,336
937,latents-aches,782,172
938,liney-bitchiness,821,1529
939,kinetheodolites-savarin,1958,1501
940,briquettes-aoristic,910,604
941,omasal-murmured,1581,1681
942,paludicolous-pannier,1884,453
943,quartodeciman-wheughed,1818,362
944,derestricted-copycat,921,516
945,uncured-shmooziest,1886,841
946,sows-mairehau,1302,189
947,epidotisation-fanions,1012,793
948,inputs-subassembled,766,1339
949,embus-slotback,816,315
950,puce-nonhereditary,1660,1112
951,nymphomaniacal-arame,786,1881
952,friendings-ectogenesis,557,351
953,percolates-exility,1641,321
954,sharns-niceness,688,1856
955,pinacotheca-refroze,1410,989
956,gentlepersons-irremissions,966,682
957,decumbencies-lairy,1238,1795
958,disaggregation-noncallable,1847,325
959,subclustering-manhandles,573,150
960,hyperexcited-argon,955,812
961,cums-blackleads,1338,1500
962,metalize-ridiculously,1443,283
963,caporals-taskers,565,1409
964,versant-laesie,297,1679
965,menstrua-peeress,1394,1574
966,punitory-otorhinolaryngologists,1960,498
967,roues-livering,1675,1527
968,optic-buzzbaits,1330,1458
969,sithen-interfiber,1499,1465
970,glomerule-twenty,669,963
971,banal-likest,1357,161
972,consilient-shamefaced,1632,342
973,paviors-devotionists,512,1762
974,myrmecochory-sombreness,1442,345
975,unpretentious-verbena,1023,225
976,hydrotherapist-hairy,957,1621
977,texturising-venatic,1692,703
978,pukas-secrecy,950,20
979,naughtiness-prequalification,237,318
980,gasohols-enterectomy,31,1659
981,iridial-pentoside,1232,571
982,decarbonating-apologize,1315,1907
983,pulsidge-spectrometric,178,1618
984,chokey-allurers,66,994
985,interposition-religionize,1588,1305
986,lamenters-namaste,14,1147
987,insouled-countermeasures,1624,1235
988,eviscerated-boogers,1764,1103
989,kenos-choreographies,1120,1282
990,iodine-clodhopping,1438,1521
991,latrias-workwatchers,1049,1691
992,deckles-pourtraicts,809,981
993,tarantaras-cid,407,1612
994,ipecacs-unvulgar,1705,79
995,blew-thraward,244,778
996,bating-hagdon,328,716
997,newsgroup-degenerateness,1207,1694
998,dionysian-shrimping,1460,632
999,cocooned-ampliation,1819,644
